External_id__c,AccessCode__c,Name
A-00001,jPnR\5625,M1
AM-00002,t$Th\5199,M2
B-00003,qoby\@@59,M3
BI-00004,FQwC\7485,M4
CN-00005,qBBt\2339,M5
C-00006,ZNJZ\537@,M6
C-00007,KLSd\9@76,M7
C-00008,oyaN\841@,M8
CD-00009,lvgr\2716,M9
C-00010,TZeZ\5414,M10
C-00011,aHBN\16@6,M11
D-00012,cGHy\9562,M12
D-00013,G$mf\2@35,M13
D-00014,ghjU\258@,M14
D-00015,LXVh\61@2,M15
E-00016,tRZw\839@,M16
E-00017,$VjP\9859,M17
F-00018,dCMt\558@,M18
G-00019,pj$k\1635,M19
GA-00020,fopy\@339,M20
HK-00021,qS$$\2288,M21
H-00022,XCEv\3071,M22
I-00023,Xpqo\1578,M23
I-00024,jcpF\5694,M24
J-00025,Tgto\2@0@,M25
K-00026,MXon\@577,M26
K-00027,GHhT\636,M27
K-00028,FHHa\943,M28
M-00029,JzKF\1225,M29
M-00030,HqjE\7698,M30
MC-00031,EZA$\5@88,M31
M-00032,hQyE\@603,M32
M-00033,PWav\820,M33
M-00034,YGcK\92@,M34
N-00035,Vauj\570,M35
NH-00036,FSYl\229,M36
O-00037,aRqr\9@7,M37
OM-00038,ngdO\1@5,M38
PM-00039,m$mM\309,M39
Q-00040,YW$L\363,M40
R-00041,AFF$\@43,M41
R-00042,UnUu\20@,M42
S-00043,nZmp\84,M43
S-00044,nkqn\619,M44
S-00045,LRHQ\7@3,M45
S-00046,JVOn\375,M46
S-00047,aHVY\505,M47
S-00048,kdna\829,M48
S-00049,tOTs\2@,M49
T-00050,wVnV\@0,M50
T-00051,bWxd\42,M51
T-00052,Zm$a\77,M52
T-00053,alxf\30,M53
T-00054,XOSo\98,M54
T-00055,JDrm\37,M55
U-00056,RXgm\30,M56
U-00057,HnkY\87,M57
V-00058,gtqP\85,M58
YI-00059,Fz$m\2@,M59
Z-00060,TYKp\@4,M60
